{
  "title": "Condições de entrega",
  "meta_title": "Condições de entrega",
  "meta_description": "Condições de entrega",
  "body": "## **Frete Personalizado na Mispa Móveis: Conforto e Segurança até a Sua Porta**\n\n\nNa Mispa Móveis, entendemos que a entrega é uma parte crucial da sua experiência de compra. Por isso, oferecemos opções de frete que atendem às suas necessidades de maneira prática e eficiente.\n\n**Entregas com Veículo Próprio para ABCD e Grande São Paulo**\n\n\nPara clientes localizados em ABCD e na Grande São Paulo, garantimos uma entrega rápida e segura com nosso próprio veículo. Ao escolher a Mispa Móveis, você pode contar com um serviço personalizado e direto, adaptado à sua localidade. Oferecemos fretes calculados conforme a distância, assegurando que seus móveis cheguem em perfeitas condições até a sua casa, em um raio de até 150 km.\n\n**Retire na loja** \n\nR. Las Palmas, 125 - Vila Palmares, Santo André - SP\n\n[Agende por whatsapp](https://wa.me/5511991349355?text=Ola%20estou%20na%20sua%20loja)\n\n**Frete por Transportadora para Outras Regiões**\n\n\nPara distâncias superiores a 150 km ou para outras regiões e estados, trabalhamos com transportadoras confiáveis. Isso garante que, independentemente de onde você esteja, seus móveis sejam entregues com a mesma qualidade e cuidado que você espera da Mispa Móveis.\n\n[D﻿esconto especial nos chame por whatsapp](https://wa.me/5511991349355?text=Ola%20estou%20na%20sua%20loja)\n\n**Suporte Personalizado**\n\n\nSabemos que cada região pode ter suas especificidades, por isso, em alguns estados, não realizamos entregas. Para esclarecer qualquer dúvida sobre o frete para a sua localidade, nossa equipe de suporte está sempre pronta para ajudar.\n\n[Nos chame pelo whatsapp](https://wa.me/5511991349355?text=Ola%20estou%20na%20sua%20loja)\n\nEscolha a Mispa Móveis e desfrute de uma entrega segura, eficiente e adaptada às suas necessidades. \n\nEsperamos por você!",
  "sections": [
    {
      "type": "responsive-banner",
      "img": "/img/uploads/__chamada-jl.webp",
      "mobile_img": "/img/uploads/__chamadamobile-jl.webp"
    },
    {
      "type": "breadcrumbs",
      "enabled": true
    },
    {
      "type": "page-title"
    },
    {
      "type": "extra-page",
      "enabled": true
    },
    {
      "type": "responsive-banner",
      "img": "/img/uploads/__whatsappfrete.webp",
      "mobile_img": "",
      "link": "https://wa.me/5511991349355?text=Ola%20estou%20na%20sua%20loja",
      "alt": "Desconto FRETE OUTROS ESTADOS - Mispa Móveis"
    },
    {
      "type": "collection-shelf",
      "shuffle": false,
      "limit": 12,
      "page": 1,
      "sort": "views",
      "title": "DESTAQUES DA LOJA"
    },
    {
      "type": "info-bar",
      "enabled": true
    }
  ]
}