{
  "sections": [
    {
      "type": "responsive-banner",
      "img": "/img/uploads/__chamada-jl.webp",
      "mobile_img": "/img/uploads/__chamadamobile-jl.webp",
      "link": "https://www.mispamoveis.com.br/pages/entrega",
      "alt": "Mispa Móveis - Móveis para Salão de Beleza e Estética"
    },
    {
      "type": "breadcrumbs",
      "enabled": true
    },
    {
      "type": "page-title"
    },
    {
      "type": "document-banner",
      "enabled": true
    },
    {
      "type": "category-retail",
      "enabled": true,
      "sort": "news"
    },
    {
      "type": "document-description",
      "enabled": true
    },
    {
      "type": "info-bar",
      "enabled": true
    }
  ]
}