{
  "description": {
    "title": "MISPA MOVEIS",
    "text": ""
  },
  "links_1": {
    "list_pages": false,
    "title": "Informações",
    "list": [
      {
        "text": "Sobre Nós",
        "url": "https://www.mispamoveis.com.br/pages/sobre-nos"
      },
      {
        "text": "Entregas e Frete",
        "url": "https://www.mispamoveis.com.br/pages/entrega"
      },
      {
        "text": "Formas de Pagamento",
        "url": "https://www.mispamoveis.com.br/pages/pagamentos"
      },
      {
        "text": "Como Comprar",
        "url": "https://www.mispamoveis.com.br/pages/faq"
      },
      {
        "text": "Segurança e Privacidade",
        "url": "https://www.mispamoveis.com.br/pages/privacidade"
      },
      {
        "text": "Trocas e Devolução",
        "url": "https://www.mispamoveis.com.br/pages/trocas"
      }
    ]
  },
  "links_2": {
    "list_categories": false,
    "title": "Navegue por categorias",
    "list": [
      {
        "text": "Estética",
        "url": "https://www.mispamoveis.com.br/estetica"
      },
      {
        "text": "Kits Beleza",
        "url": "https://www.mispamoveis.com.br/kits-beleza"
      },
      {
        "text": "Macas",
        "url": "https://www.mispamoveis.com.br/macas"
      },
      {
        "text": "Salão de Beleza",
        "url": "https://www.mispamoveis.com.br/salao-de-beleza"
      },
      {
        "text": "Cadeiras",
        "url": "https://www.mispamoveis.com.br/cadeiras"
      },
      {
        "url": "https://www.mispamoveis.com.br/lavatorios",
        "text": "Lavatórios"
      },
      {
        "text": "Mobiliário em MDF",
        "url": "https://www.mispamoveis.com.br/moveis-em-mdf"
      },
      {
        "text": "Recepção",
        "url": "https://www.mispamoveis.com.br/mobiliario-recepcao"
      },
      {
        "text": "Manicure",
        "url": "https://www.mispamoveis.com.br/manicure"
      }
    ]
  },
  "contacts": {
    "title": "Contatos",
    "phone_wpp": true,
    "socials": true,
    "email": true,
    "address": true
  },
  "stamps": [
    {
      "src": "/img/uploads/seguranca.png",
      "alt": "Secure connection"
    }
  ],
  "payment_methods": {
    "bb": false,
    "visa": true,
    "boleto": true,
    "aura": false,
    "banrisul": false,
    "elo": true,
    "hipercard": false,
    "hsbc": false,
    "bradesco": false,
    "santander": false,
    "mastercard": true,
    "citibank": false,
    "mais": false,
    "pix": true,
    "amex": true,
    "itau": false
  },
  "credits": ""
}