{
  "marketing_stripe": {
    "text": "",
    "link": "",
    "background": "#ffffff"
  },
  "contacts_stripe": {
    "pages": [
      {
        "title": "Cadastrar / Entrar",
        "link": "https://www.mispamoveis.com.br/app/#/account/"
      },
      {
        "title": "Meus Pedidos",
        "link": "https://www.mispamoveis.com.br/app/#/account/orders"
      },
      {
        "title": "Como Comprar",
        "link": "https://www.mispamoveis.com.br/pages/faq"
      },
      {
        "title": "Sobre nós",
        "link": "https://www.mispamoveis.com.br/pages/sobre-nos"
      }
    ],
    "phone_wpp": true,
    "socials": true
  },
  "categories_list": {
    "featured": [
      "/estetica?ESTÉTICA",
      "/salao-de-beleza?Salão de Beleza",
      "/cadeiras?Cadeiras",
      "/moveis-em-mdf?MOVEIS EM MDF",
      "/lavatorios?Lavatórios",
      "/manicure?MANICURE"
    ],
    "random": 12,
    "full_width": false
  },
  "desktop_megamenu": false,
  "search_input": true,
  "alphabetical_order_submenu": true,
  "full_width_submenu": true,
  "centralized_logo": false
}