{
  "meta_title": "Mispa Moveis para Salão",
  "meta_description": "",
  "sections": [
    {
      "type": "banner-slider",
      "autoplay": 9000,
      "full_width": true,
      "slides": [
        {
          "start": "2024-07-23T17:41:10.591Z",
          "end": "",
          "img": "/img/uploads/__renovesalao_j.webp",
          "mobile_img": "/img/uploads/__renovesalao-mobile-jl.webp",
          "link": "https://www.mispamoveis.com.br/lavatorios",
          "alt": "Renove seu Salão de Beleza com Mispa Móveis"
        },
        {
          "start": "2024-07-23T17:41:32.607Z",
          "end": "",
          "img": "/img/uploads/__cirandinhas_jul.webp",
          "link": "https://www.mispamoveis.com.br/manicure",
          "alt": "Móveis para Salão de Beleza e Estética - Mispa Móveis",
          "mobile_img": "/img/uploads/__cirandinhas-mobile-jl.webp"
        }
      ]
    },
    {
      "type": "responsive-banner",
      "img": "/img/uploads/__chamada-jl.webp",
      "link": "https://www.mispamoveis.com.br/pages/entrega",
      "alt": "Frete - MIspa Mòveis - para Salão de Beleza e Estética",
      "mobile_img": "/img/uploads/__chamadamobile-jl.webp"
    },
    {
      "type": "collection-shelf",
      "shuffle": false,
      "limit": 12,
      "page": 1,
      "collection_id": "611c3b1bcfbcd970598122b1:categories:Lavatórios:/lavatorios",
      "sort": "sales",
      "link": "https://www.mispamoveis.com.br/lavatorios",
      "title": "Tudo para seu Salão de Beleza - Veja Lavatórios"
    },
    {
      "type": "collection-shelf",
      "shuffle": false,
      "limit": 12,
      "page": 1,
      "collection_id": "614bcdcc48adaf6e63a574fe:categories:Manicure:/manicure",
      "sort": "views",
      "link": "https://www.mispamoveis.com.br/manicure",
      "title": "Móveis para Manicure"
    },
    {
      "type": "collection-shelf",
      "shuffle": false,
      "limit": 12,
      "page": 1,
      "collection_id": "611c3ac2cfbcd97059812273:categories:Salão de Beleza:/salao-de-beleza",
      "sort": "views",
      "link": "https://www.mispamoveis.com.br/salao-de-beleza",
      "title": "Monte seu Salão de Beleza"
    },
    {
      "type": "responsive-banner",
      "img": "/img/uploads/__whatsappfrete.webp",
      "link": "https://www.mispamoveis.com.br/pages/entrega",
      "alt": "Saiba mais"
    },
    {
      "type": "collection-shelf",
      "shuffle": false,
      "limit": 12,
      "page": 1,
      "collection_id": "611c3af3cfbcd9705981229f:categories:Cadeiras:/cadeiras",
      "sort": "sales",
      "link": "https://www.mispamoveis.com.br/cadeiras",
      "title": "Cadeiras - Envio para Todo Brasil"
    },
    {
      "page": 1,
      "title": "Estética, veja aqui",
      "shuffle": true,
      "headless": false,
      "type": "collection-shelf",
      "link": "https://www.mispamoveis.com.br/estetica",
      "limit": 12,
      "collection_id": "611ab839cfbcd970597fc6dd:categories:Estética:/estetica",
      "sort": "views"
    },
    {
      "type": "collection-shelf",
      "shuffle": false,
      "limit": 12,
      "page": 1,
      "collection_id": "63ed2b84f4167e223c90d3ae:categories:Móveis em MDF:/moveis-em-mdf",
      "sort": "views",
      "link": "https://www.mispamoveis.com.br/moveis-em-mdf",
      "title": "Mobiliário em MDF "
    },
    {
      "type": "info-bar",
      "enabled": true
    }
  ]
}