{
  "shipping": {
    "show": true,
    "text": "Consulte entregas especiais para  ABCD, LITORAL, GRANDE SÃO PAULO E REGIÃO METROPOLITANA",
    "title": "PARA ENVIO PARA FORA DA GRANDE SÃO PAULO FAVOR CONTATAR PELO WHATS 11 99134-9355",
    "link": "https://www.mispamoveis.com.br/pages/entrega"
  },
  "installments": {
    "show": true,
    "text": "10% de desconto no PIX ",
    "title": "Parcele em até 10x sem juros no cartão ",
    "link": "https://www.mispamoveis.com.br/pages/pagamentos"
  },
  "exchange": {
    "show": false,
    "text": ""
  },
  "promo": {
    "show": false,
    "text": ""
  }
}